Newspaper,Country
ASEAN Tribune,Other
Aberdeen Press and Journal,United Kingdom
Afternoon Voice (India),India
Al Riyadh,Other
Albert Lea Tribune (Minnesota),Other
American Institute For Economic Research,United States of America
"Appeal-Democrat, Marysville, Calif.",Other
Arab News Digest,Saudi Arabia
Arab Times,Saudi Arabia
BD,Other
Banbury Guardian,United Kingdom
Bashaw Star,Other
Bay of Plenty Times (New Zealand),New Zealand
Beaudesert Times,Other
Bedford Today,Other
Belfast Telegraph,United Kingdom
Belleville Intelligencer,Other
Bendigo Advertiser,Other
Birmingham Evening Mail,United Kingdom
Birmingham Post,United Kingdom
Border Counties Advertizer,Other
Botswana Daily News,Botswana
Bradford Telegraph and Argus,Other
Bray People (Ireland),Ireland
Brecon & Radnor Express,Other
Bridgwater Mercury,Other
Brighter Kashmir,Pakistan
Bromsgrove Advertiser,Other
Bucks Free Press,Other
Burnham & Highbridge Weekly News,Other
Bury Free Press (England),United Kingdom
Business Day (South Africa),South Africa
Business Line,Other
Business Mirror (Philippines),Philippines
Business Standard,Other
Business Weekly,Other
Business World Journal,Other
BusinessWorld,Other
CE Latin America Migration English,South America
CE Noticias Financieras English,South America
Calgary Sun,Canada
Campus Times: University of Rochester,Other
Canberra Times (Australia),Australia
Cape Argus (South Africa)/Argus Weekend (South Africa),South Africa
Cape Business News,Other
Cape Times (South Africa),South Africa
Capital Ethiopia,Ethiopia
Carmarthen Journal,Other
Central Florida Future: University of Central Florida,Other
Central Western Daily,Other
Chester and District Standard,Other
Chicago Daily Herald,United States of America
China Daily,China
China Daily (Hong Kong Edition),China
China Daily - Africa Weekly,China
China Daily European Edition,China
Chronicle,Other
City A.M.,Other
Collegiate: Grand Rapids Community College,Other
"Colombo Gazette (Pittakotte, Sri Lanka)",Sri Lanka
Comox Valley Record,Other
Crain's Detroit Business,Other
Creston Valley Advance,Other
DFA,Other
DNA,Other
Daily Echo (Newsquest Regional Press),Other
Daily Financial Times,Other
Daily Gazette,Other
Daily Guide Network,Other
Daily Independent (Nigeria),Nigeria
Daily Maverick,Other
Daily Mirror,Other
Daily Mirror (Sri Lanka),Sri Lanka
Daily Monitor,Other
Daily Nation (Kenya),Kenya
Daily News (New York),Other
Daily News (South Africa),South Africa
Daily News (Sri Lanka),Sri Lanka
Daily News (Tanzania),Other
Daily News Egypt,Other
Daily O'Collegian: Oklahoma State University,Other
Daily Princetonian: Princeton University,Other
Daily Record and Sunday Mail,Other
Daily Regional Times,Other
Daily Star,Other
Daily Times,Other
Daily Times (PK),Other
Dawn (Pakistan),Pakistan
Dayton Daily News (Ohio),United States of America
Denbighshire Free Press,Other
Derby Telegraph,United Kingdom
Dewsbury Reporter,United Kingdom
Die Welt (English),Germany
Doncaster Free Press,Other
Dumfries and Galloway Standard,Other
Early Times (India),India
East & Bays Courier (New Zealand),New Zealand
East Anglian Daily Times,United Kingdom
East Kent Mercury,United Kingdom
Eastern Daily Press,Other
Echo (NewsQuest),Other
Economic Times (E-Paper Edition),Other
Edinburgh Evening News,United Kingdom
Evening Chronicle,Other
Evening Gazette,Other
Express and Star,Other
FSView & Florida Flambeau: Florida State University,United States of America
Falmouth Packet,Other
FarmKenya,Kenya
Feilding-Rangitikei Herald (New Zealand),New Zealand
Financial Mirror,Other
Financial Standard,Other
"Financial Times (London, England)",United Kingdom
Folkestone & Hythe Express,Other
Free Press Journal (India),India
Garhwal Post (India),India
Gazette Series,Other
Geelong Advertiser (Australia),Australia
Global Times (China),China
Greenock Telegraph,Other
Guernsey Press,Other
Gulf Daily News,Other
Gulf Times,Other
Hamilton Press (New Zealand),New Zealand
Hampshire Chronicle,Other
Handelszeitung (English),Other
Harrogate Advertiser,Other
Hartlepool Mail,Other
Hawke's Bay Today,Other
Herald (Goa) (India),India
Herald Scotland,Other
Herald Sun (Australia),Australia
Hereford Times,Other
Hexham Courant,Other
Himalayan Times,Other
Hindustan Times,India
Hindustan Times Chandigarh,India
Hindustan Times Jaipur,India
Hindustan Times Lucknow,India
Hindustan Times Mumbai,Other
Hindustan Times Noida & Ghaziabad,India
Hindustan Times Patna,India
Hindustan Times Pune Edition,India
Hobart Mercury (Australia),Australia
Hong Kong Free Press,China
Hürriyet Daily News,Other
Impartial Reporter,Other
Imphal Free Press (India),India
India Weekly,India
Indian Express,India
Indian eGov Newswire,India
Indiana Daily Student: Indiana University,India
InfoStride News,Other
Informative,Other
Intellinews - Azerbaijan Today,Azerbaijan
Intellinews - Ethiopia Today,Ethiopia
Inverell Times,Other
Iran Daily,Iran
Irish Examiner,Ireland
Irish Independent,Ireland
Irish News,Ireland
Isle of Wight County Press,Other
Jersey Evening Post,Other
Jerusalem Post,Israel
Kashmir Images (India),India
Kashmir Monitor (India),India
Kashmir Observer,India
Kashmir Times,India
Kent Messenger,Other
Kent Reporter (Washington),United States of America
Kentish Express Ashford,Other
Kenya News Agency,Kenya
Kleine Zeitung,Austria
Korea Times,South Korea
Kronen Zeitung,Austria
Kuwait Times,Kuwait
"LNP (Lancaster, PA)",Other
Lancashire Telegraph,United Kingdom
Lancaster Guardian,Other
Leadership (Abuja),Other
Lebensmittel Zeitung,Other
Leicester Mercury,Other
Lesotho Times,Other
Lincolnshire Free Press,Other
Liverpool Echo,Other
Llanelli Star Series,Other
London Free Press,United Kingdom
MINT,India
Macau Daily Times,China
Mail & Guardian,South Africa
Mail on Sunday (London),United Kingdom
MailOnline,Other
Malay Mail,Other
Manchester Evening News,Other
Manila Bulletin,Philippines
Manning River Times,Other
Marlborough Express (New Zealand),New Zealand
Mearns Leader,Other
Medindia,India
Metro (UK),United Kingdom
Millennium Post Newspaper,India
Mindanao Times (Philippines),Philippines
Mirror Publications,Other
Mmegi/The Reporter (Gaborone),Other
Monmouthshire Beacon,United Kingdom
Moree Champion,Other
Muscat Daily,Oman
My Republica,Nepal
NAFTA (English),Other
NEUE Vorarlberger Tageszeitung,Other
Naija 247 News,Other
Namibian Sun,Namibia
Nanaimo News Bulletin,Other
Nanton News,Other
National Post (f/k/a The Financial Post) (Canada),Canada
National World,Other
New Business Ethiopia,Ethiopia
New Delhi Times,India
New Era (Windhoek),Other
New Milton Advertiser,Other
New Straits Times (Malaysia),Malaysia
Newcastle Star,
News Chronicle (Nigeria),Nigeria
News and Star,Other
NewsDay,Other
Niagara Falls Review (Ontario),Canada
Nigerian Tribune,Nigeria
North Bay Nugget,Other
North Shore Times (New Zealand),New Zealand
North Wales Chronicle,United Kingdom
Northampton Chronicle & Echo,Other
Northern Advocate (New Zealand),New Zealand
Northern Territory News (Australia),Australia
Northumberland Gazette,United Kingdom
Oman Daily Observer,Oman
Ontario Farmer,Canada
Orissa TV,India
Osun Defender,Other
Otago Daily Times,New Zealand
Oxford Mail,United Kingdom
OÖ Nachrichten,Austria
PM News,Pakistan
Paisley Daily Express,Other
Pakistan Observer,Pakistan
Pakistan Today,Pakistan
Pakistan Weekly,Pakistan
Papakura Courier (New Zealand),New Zealand
Penticton Western News,Other
Peoples Daily,Other
Philippines Daily Inquirer,Philippines
Picton County Weekly News,Other
Pittsburgh Post-Gazette,United States of America
Plastics News,Other
Policy Research Institute of Market Economy,Other
Postmedia Breaking News,Other
Prairie Post,United States of America
Prince George Citizen (British Columbia),Other
Qatar Tribune,Qatar
Queensland Country Life,Other
RWE Resources News,Other
Reading Chronicle,Other
Red Deer Advocate,Other
Rekord East,Other
Richmond Times Dispatch (Virginia),Other
Rodney Times (New Zealand),New Zealand
Rose Sheet,Other
Rotorua Daily Post,Other
Salisbury Journal,Other
Saudi Arabia News Gazette,Saudi Arabia
Saudi Gazette - Saudi Arabia,Other
Scotsman,United Kingdom
Scottish Daily Mail,United Kingdom
Scottish Express,United Kingdom
Seychelles Nation,Seychelles
Sherbrooke Record (Quebec),Other
Shropshire Star,United Kingdom
Siasat Daily (India),India
Smart Farmer,Other
Somerset County Gazette,Other
South China Morning Post,China
South China Morning Post.com,China
South London Press,United Kingdom
South Wales Argus,United Kingdom
South Wales Echo,United Kingdom
South West Farmer,Other
Southern Eye,Other
Sowetan (South Africa),South Africa
"Spokesman Review (Spokane, WA)",United States of America
SriLanka Weekly,Sri Lanka
St. Louis Post-Dispatch (Missouri),Other
"Star Tribune (Minneapolis, MN)",United States of America
Star of Mysore (India),India
Stirling Observer,Other
Stoke The Sentinel,Other
Stornoway Gazette,Other
Stratford Beacon-Herald,Other
Stroud News and Journal,Other
"Sunday Age (Melbourne, Australia)",Australia
Sunday Express,Other
Sunday Standard,Sri Lanka
Sunday Times (South Africa),South Africa
Sunday Times (Sri Lanka),Sri Lanka
Sunday Tribune (South Africa),South Africa
Sunday Trust,Other
Swindon Advertiser,Other
Sydney Morning Herald (Australia),Australia
THE KOREA HERALD,Other
Taiwan News,Taiwan
Tampa Bay Times,Other
Tasnim News Agency (English),Other
Tehran Times,Other
"Telegraph Herald (Dubuque, IA)",United States of America
Temple News: Temple University,Other
Tenby Observer,Other
Tenders Monitor Africa-Asia,Africa
The Advertiser (Australia),Australia
"The Age (Melbourne, Australia)",Australia
The Albany Herald (Georgia),Other
The Argus (Newsquest Regional Press),Other
The Atlanta Journal-Constitution,United States of America
The Australian,Australia
The Balochistan Times (AsiaNet),Pakistan
The Baltimore Sun,Other
The Bangkok Post (Thailand),Thailand
The Brunswickan: University of New Brunswick,Other
The Business Times Singapore,Singapore
The Calgary Herald (Alberta),Canada
The Chronicle,Other
"The Chronicle (Toowoomba, Queensland)",Other
The Chronicle Journal,Other
The Citizen (Tanzania),Other
The Collegian: California State University - Fresno,Other
"The Columbian (Vancouver, Washington)",Other
The Comet,Other
The Cornish Times,Other
The Courier,Other
The Courier Mail (Australia),Australia
The Daily Gamecock: University of South Carolina - Columbia,Other
The Daily Iowan: University of Iowa,Other
The Daily Monitor,Uganda
The Daily Star (Lebanon),Other
"The Daily Star, Dhaka, Bangladesh / Asia News Network",Bangladesh
The Daily Telegraph (Australia),Australia
The Daily Telegraph (London),United Kingdom
The Deseret News,Other
The Economic Times,India
The Examiner Newspaper,Other
The Express,Australia
The Express Tribune,Pakistan
The Financial Daily,Pakistan
The Financial Express (Bangladesh),Bangladesh
The Foghorn: University of San Francisco,Other
The Frederick News-Post (Maryland),Other
The Frontier Post,Pakistan
The Frontier Star,Other
The Gazette (Montreal),Other
The Gold Coast Bulletin,Other
The Guardian,Other
The Guardian (London),United Kingdom
The Guelph Mercury,Other
The Hamilton Spectator (Ontario),Canada
The Hamilton Spectator (Ontario) Online,Canada
The Hartford Courant,Other
The Hatchet: George Washington University,Other
The Herald,United Kingdom
The Herald (Glasgow),United Kingdom
The Herald (Harare),Other
The Herald (South Africa),South Africa
The Hindu,India
The Hitavada,India
The Huddersfield Daily Examiner,Other
"The Independent (Kampala, Uganda)",Other
The Independent (United Kingdom),United Kingdom
The Independent - Daily Edition,United Kingdom
The Irish Times,Ireland
The Jordan Times,Jordan
"The Journal (Newcastle, UK)",United Kingdom
The Lafayette: Lafayette College,Other
"The Leader-Telegram (Eau Claire, Wisconsin)",United States of America
The Lethbridge Herald,Other
The Libya Herald,Other
The Malaysian Reserve,Malaysia
The Malta Independent,Other
The Manila Times,Other
The Marquette Tribune: Marquette University,Other
The Mercury (South Africa),South Africa
The Nairobian,Nairobi
The Namibian (Windhoek),Other
The Nation (AsiaNet),Pakistan
The Nation (Nigeria),Nigeria
The National (Scotland),United Kingdom
The New Nation (Bangladesh),Bangladesh
The New York Times,United States of America
The New York Times - International Edition,United States of America
The New Zealand Herald,New Zealand
The News International,Pakistan
"The News-Gazette (Champaign, Illinois)",Other
The Nigerian Observer (Nigeria),Nigeria
The Northern Daily Leader,Other
The Northern Echo (Newsquest Regional Press),Other
The Northern Iowan: University of Northern Iowa,United States of America
The Northland Age (New Zealand),New Zealand
The Northlines,Pakistan
The Observer (London),United Kingdom
The Oldham Times,Other
The Palestine Chronicle,Palestine
"The Pantagraph (Bloomington, Illinois)",Other
The Patriot,Other
The Peninsula,Qatar
The Peterborough Examiner (Ontario) Online,Canada
The Philadelphia Inquirer,Other
The Philippine Star,Philippines
The Phnom Penh Post (Cambodia),Cambodia
The Pioneer (India),India
The Plymouth Herald,Other
The Point Newspaper,Other
The Post,Other
The Post: Ohio University,United States of America
"The Press (Christchurch, New Zealand)",New Zealand
The Press and Journal,Other
The Punch,Nigeria
"The Record (Waterloo Region, Ontario) Online",Canada
The Rising Nepal,Nepal
The Salt Lake Tribune,United States of America
The Santa Fe New Mexican,United States of America
The Scarborough News,Other
The Scottish Farmer,United Kingdom
The Sentinel,Pakistan
The Southland Times (New Zealand),New Zealand
The Standard (Kenya),Kenya
The Star (Kenya),Kenya
The Star (Sheffield),Other
The Star (South Africa),South Africa
The Straits Times (Singapore),Singapore
The Sun (England),United Kingdom
The Sun (Nigeria),Nigeria
"The Sun Herald (Sydney, Australia)",Australia
The Sunday Mail,Zimbabwe
The Sunday News,Other
The Sunday Post,Other
"The Sunday Star-Times (Auckland, New Zealand)",New Zealand
The Sunday Telegraph (London),United Kingdom
The Sunday Times (London),United Kingdom
The Swazi Observer,Other
The Tech: Massachusetts Institute of Technology,Other
The Telegraph (India),India
The Thaiger,Other
The Timaru Herald (New Zealand),New Zealand
The Times (London),United Kingdom
The Times of Central Asia,Other
The Times of India (TOI),India
"The Times, Gainesville, Ga.",Other
The Toronto Star,Other
The UB Post,Other
The Vauxhall Advance,Other
The West Australian (Perth),Australia
The Western Mail,Other
The Will (Nigeria),Nigeria
The Wiltshire Gazette and Herald,Other
TheHill.com,Other
This Day,Other
This Day (Lagos),Other
"Times Colonist (Victoria, British Columbia)",Other
Times of India (Electronic Edition),India
Times of Oman,Oman
Times of Oman - Business,Oman
Times of Swaziland,Swaziland
Toronto Sun,Other
Townsville Bulletin (Australia),Australia
Trenton Trentonian,Other
"Tribune-Review (Greensburg, PA)",Other
USA Today,United States of America
USA Today Online,United States of America
VN Vorarlberger Nachrichten,Other
Valor International,Other
Viet Nam News,Vietnam
"Waikato Times (Hamilton, New Zealand)",New Zealand
Watford Observer,Other
Weekly Blitz,Other
Welland Tribune (Ontario) Online,Canada
West Briton,Other
Western Daily Press,Other
Western Telegraph,Other
What the Papers Say (EV) (Russia),Russia
Wigan Today,Other
Windhoek Observer,Other
Windsor Star (Ontario),Canada
Winnipeg Sun,United States of America
"Wisconsin State Journal (Madison, Wisconsin)",United States of America
Worcester News,United Kingdom
Yass Tribune,Other
York Guardian,United Kingdom
York Press,United Kingdom
Yorkshire Evening Post,United Kingdom
Yorkshire Post,United Kingdom
Your Local Guardian,Other
birminghammail.co.uk,United Kingdom
chroniclelive.co.uk,United Kingdom
coventrytelegraph.net,Other
dailyrecord.co.uk,United Kingdom
gazettelive.co.uk,United Kingdom
i-news,Other
irishmirror.ie,Ireland
manchestereveningnews.co.uk,United Kingdom
mirror.co.uk,United Kingdom
standard.co.uk,United Kingdom
telegraph.co.uk,United Kingdom
thestar.com,Other
thesun.co.uk,United Kingdom
thetimes.co.uk,United Kingdom
walesonline.co.uk,United Kingdom
